Isometric-Neck-Exercise-Front-and-BackN;Shoulders;Trapezius;Trapezius;Isometric-Neck-Exercise-Front-and-Back;Isometric-Neck-Exercise-Front-and-Back;video;Isometric-Neck-Exercise-Front-and-BackD;skill;100071
Isometric-Neck-Exercise-SidesN;Shoulders;Trapezius;Trapezius;Isometric-Neck-Exercise-Sides;Isometric-Neck-Exercise-Sides;video;Isometric-Neck-Exercise-SidesD;skill;100072
Cable-ShrugsN;Shoulders;Trapezius;Trapezius;Cable-Shrugs;Cable-Shrugs;video;Cable-ShrugsD;skill;100074
Dumbbell-ShrugN;Shoulders;Trapezius;Trapezius;Dumbbell-Shrug;Dumbbell-Shrug;video;Dumbbell-ShrugD;skill;100075
Smith-Machine-ShrugN;Shoulders;Trapezius;Trapezius;Smith-Machine-Shrug;Smith-Machine-Shrug;video;Smith-Machine-ShrugD;skill;100077
Standing-Dumbbell-Upright-RowN;Shoulders;Trapezius;Triceps Brachii;Standing-Dumbbell-Upright-Row;Standing-Dumbbell-Upright-Row;video;Standing-Dumbbell-Upright-RowD;skill;100079
Upright-Cable-RowN;Shoulders;Trapezius;Triceps Brachii;Upright-Cable-Row;Upright-Cable-Row;video;Upright-Cable-RowD;skill;100081
Dumbbell-Decline-FlysN;Chest;Pectoralis Major;Deltoid;Dumbbell-Decline-Flys;Dumbbell-Decline-Flys;video;Dumbbell-Decline-FlysD;skill;100083
Dumbbell-FlysN;Chest;Pectoralis Major;Deltoid;Dumbbell-Flys;Dumbbell-Flys;video;Dumbbell-FlysD;skill;100084
Dumbbell-Lying-Rear-Lateral-RaiseN;Shoulders;Deltoid;Trapezius;Dumbbell-Lying-Rear-Lateral-Raise;Dumbbell-Lying-Rear-Lateral-Raise;video;Dumbbell-Lying-Rear-Lateral-RaiseD;skill;100086
Dumbbell-RaiseN;Shoulders;Trapezius;Trapezius;Dumbbell-Raise;Dumbbell-Raise;video;Dumbbell-RaiseD;skill;100088
Flat-Bench-Cable-FlysN;Chest;Pectoralis Major;Deltoid;Flat-Bench-Cable-Flys;Flat-Bench-Cable-Flys;video;Flat-Bench-Cable-FlysD;skill;100089
Front-Dumbbell-RaiseN;Shoulders;Deltoid;Deltoid;Front-Dumbbell-Raise;Front-Dumbbell-Raise;video;Front-Dumbbell-RaiseD;skill;100090
Narrow-Grip-Bench-PressN;Arms;Triceps Brachii;Triceps Brachii;Narrow-Grip-Bench-Press;Narrow-Grip-Bench-Press;video;Narrow-Grip-Bench-PressD;skill;100091
Push-UpsN;Chest;Pectoralis Major;Triceps Brachii;Push-Ups;Push-Ups;video;Push-UpsD;skill;100093
Standing-Front-Barbell-Raise-Over-HeadN;Shoulders;Deltoid;Deltoid;Standing-Front-Barbell-Raise-Over-Head;Standing-Front-Barbell-Raise-Over-Head;video;Standing-Front-Barbell-Raise-Over-HeadD;skill;100094
Chest-DipsN;Chest;Pectoralis Major;Triceps Brachii;Chest-Dips;Chest-Dips;video;Chest-DipsD;skill;100097
Decline-Barbell-Bench-PressN;Chest;Pectoralis Major;Triceps Brachii;Decline-Barbell-Bench-Press;Decline-Barbell-Bench-Press;video;Decline-Barbell-Bench-PressD;skill;100098
Decline-Chest-PressN;Chest;Pectoralis Major;Triceps Brachii;Decline-Chest-Press;Decline-Chest-Press;video;Decline-Chest-PressD;skill;100099
Hammer-Grip-Incline-DB-Bench-PressN;Chest;Pectoralis Major;Triceps Brachii;Hammer-Grip-Incline-DB-Bench-Press;Hammer-Grip-Incline-DB-Bench-Press;video;Hammer-Grip-Incline-DB-Bench-PressD;skill;1000101
Incline-Chest-PressN;Chest;Pectoralis Major;Triceps Brachii;Incline-Chest-Press;Incline-Chest-Press;video;Incline-Chest-PressD;skill;1000103
Incline-Dumbbell-Flyes-With-A-TwistN;Chest;Pectoralis Major;Deltoid;Incline-Dumbbell-Flyes-With-A-Twist;Incline-Dumbbell-Flyes-With-A-Twist;video;Incline-Dumbbell-Flyes-With-A-TwistD;skill;1000104
Machine-Bench-PressN;Chest;Pectoralis Major;Triceps Brachii;Machine-Bench-Press;Machine-Bench-Press;video;Machine-Bench-PressD;skill;1000106
Push-Ups-Close-and-Wide-Hand-PositionsN;Arms;Triceps Brachii;Pectoralis Major;Push-Ups-Close-and-Wide-Hand-Positions;Push-Ups-Close-and-Wide-Hand-Positions;video;Push-Ups-Close-and-Wide-Hand-PositionsD;skill;1000112
Push-Ups-With-Feet-On-An-Exercise-BallN;Chest;Pectoralis Major;Triceps Brachii;Push-Ups-With-Feet-On-An-Exercise-Ball;Push-Ups-With-Feet-On-An-Exercise-Ball;video;Push-Ups-With-Feet-On-An-Exercise-BallD;skill;1000113
Smith-Machine-Incline-Bench-PressN;Chest;Pectoralis Major;Triceps Brachii;Smith-Machine-Incline-Bench-Press;Smith-Machine-Incline-Bench-Press;video;Smith-Machine-Incline-Bench-PressD;skill;1000114
Cable-Incline-PushdownN;Arms;Triceps Brachii;Triceps Brachii;Cable-Incline-Pushdown;Cable-Incline-Pushdown;video;Cable-Incline-PushdownD;skill;1000117
Cable-Incline-Triceps-ExtensionN;Arms;Triceps Brachii;Triceps Brachii;Cable-Incline-Triceps-Extension;Cable-Incline-Triceps-Extension;video;Cable-Incline-Triceps-ExtensionD;skill;1000118
Cable-Lying-Triceps-ExtensionN;Arms;Triceps Brachii;Triceps Brachii;Cable-Lying-Triceps-Extension;Cable-Lying-Triceps-Extension;video;Cable-Lying-Triceps-ExtensionD;skill;1000119
Decline Close-Grip-Bench-To-Skull-CrusherN;Arms;Triceps Brachii;Triceps Brachii;Decline Close-Grip-Bench-To-Skull-Crusher;Decline Close-Grip-Bench-To-Skull-Crusher;video;Decline Close-Grip-Bench-To-Skull-CrusherD;skill;1000121
Decline-Dumbbell-Tricep-ExtensionN;Arms;Triceps Brachii;Triceps Brachii;Decline-Dumbbell-Tricep-Extension;Decline-Dumbbell-Tricep-Extension;video;Decline-Dumbbell-Tricep-ExtensionD;skill;1000122
Dips-Triceps-VersionN;Arms;Triceps Brachii;Pectoralis Major;Chest-Dips;Chest-Dips;video;Dips-Triceps-VersionD;skill;1000125
Dumbbell-One-Arm-Triceps-ExtensionN;Arms;Triceps Brachii;Flexor Carpi Ulnaris;Dumbbell-One-Arm-Triceps-Extension;Dumbbell-One-Arm-Triceps-Extension;video;Dumbbell-One-Arm-Triceps-ExtensionD;skill;1000126
Old-School-Reverse-ExtensionsN;Arms;Triceps Brachii;Brachioradialis;Old-School-Reverse-Extensions;Old-School-Reverse-Extensions;video;Old-School-Reverse-ExtensionsD;skill;1000136
One-Arm-Pronated-Dumbbell-Triceps-ExtensionN;Arms;Triceps Brachii;Brachioradialis;One-Arm-Pronated-Dumbbell-Triceps-Extension;One-Arm-Pronated-Dumbbell-Triceps-Extension;video;One-Arm-Pronated-Dumbbell-Triceps-ExtensionD;skill;1000137
One-Arm-Supinated-Dumbbell-Triceps-ExtensionN;Arms;Triceps Brachii;Brachioradialis;One-Arm-Supinated-Dumbbell-Triceps-Extension;One-Arm-Supinated-Dumbbell-Triceps-Extension;video;One-Arm-Supinated-Dumbbell-Triceps-ExtensionD;skill;1000138
Reverse-Grip-Tricep-PushdownN;Arms;Triceps Brachii;Flexor Carpi Ulnaris;Reverse-Grip-Tricep-Pushdown;Reverse-Grip-Tricep-Pushdown;video;Reverse-Grip-Tricep-PushdownD;skill;1000139
Reverse-Triceps-Bench-PressN;Arms;Triceps Brachii;Flexor Carpi Ulnaris;Reverse-Triceps-Bench-Press;Reverse-Triceps-Bench-Press;video;Reverse-Triceps-Bench-PressD;skill;1000140
Seated-Overhead-Barbell-Triceps-ExtensionN;Arms;Triceps Brachii;Brachioradialis;Seated-Overhead-Barbell-Triceps-Extension;Seated-Overhead-Barbell-Triceps-Extension;video;Seated-Overhead-Barbell-Triceps-ExtensionD;skill;1000142
Standing-Overhead-Barbell-Triceps-ExtensionN;Arms;Triceps Brachii;Brachioradialis;Standing-Overhead-Barbell-Triceps-Extension;Standing-Overhead-Barbell-Triceps-Extension;video;Standing-Overhead-Barbell-Triceps-ExtensionD;skill;1000147
Triceps-PushdownN;Arms;Triceps Brachii;Triceps Brachii;Triceps-Pushdown;Triceps-Pushdown;video;Triceps-PushdownD;skill;1000151
Triceps-Pushdown-Rope-AttachmentN;Arms;Triceps Brachii;Flexor Carpi Ulnaris;Triceps-Pushdown-Rope-Attachment;Triceps-Pushdown-Rope-Attachment;video;Triceps-Pushdown-Rope-AttachmentD;skill;1000152
Alternate-Incline-Dumbbell-CurlN;Arms;Biceps Brachii;Brachioradialis;Alternate-Incline-Dumbbell-Curl;Alternate-Incline-Dumbbell-Curl;video;Alternate-Incline-Dumbbell-CurlD;skill;1000153
Bicep-Curls-MachineN;Arms;Biceps Brachii;Brachioradialis;Bicep-Curls-Machine;Bicep-Curls-Machine;video;Bicep-Curls-MachineD;skill;1000158
Close-Grip-Standing-Barbell-CurlN;Arms;Biceps Brachii;Brachioradialis;Close-Grip-Standing-Barbell-Curl;Close-Grip-Standing-Barbell-Curl;video;Close-Grip-Standing-Barbell-CurlD;skill;1000165
Cross-Body-Hammer-CurlN;Arms;Biceps Brachii;Brachioradialis;Cross-Body-Hammer-Curl;Cross-Body-Hammer-Curl;video;Cross-Body-Hammer-CurlD;skill;1000166
Crossover-With-BandsN;Chest;Pectoralis Major;Deltoid;Crossover-With-Bands;Crossover-With-Bands;video;Crossover-With-BandsD;skill;1000167
Drag-CurlN;Arms;Biceps Brachii;Flexor Carpi Ulnaris;Drag-Curl;Drag-Curl;video;Drag-CurlD;skill;1000168
Dumbbell-Alternate-Bicep-CurlN;Arms;Biceps Brachii;Brachioradialis;Dumbbell-Alternate-Bicep-Curl;Dumbbell-Alternate-Bicep-Curl;video;Dumbbell-Alternate-Bicep-CurlD;skill;1000169
EZ-Bar-CurlN;Arms;Biceps Brachii;Brachioradialis;EZ-Bar-Curl;EZ-Bar-Curl;video;EZ-Bar-CurlD;skill;1000171
Flexor-Incline-CurlsN;Arms;Biceps Brachii;Flexor Carpi Ulnaris;Flexor-Incline-Curls;Flexor-Incline-Curls;video;Flexor-Incline-CurlsD;skill;1000172
Hammer-CurlsN;Arms;Biceps Brachii;Brachioradialis;Hammer-Curls;Hammer-Curls;video;Hammer-CurlsD;skill;1000173
Incline-Dumbbell-CurlN;Arms;Biceps Brachii;Brachioradialis;Incline-Dumbbell-Curl;Incline-Dumbbell-Curl;video;Incline-Dumbbell-CurlD;skill;1000175
Lying-High-Bench-Barbell-CurlN;Arms;Biceps Brachii;Flexor Carpi Ulnaris;Lying-High-Bench-Barbell-Curl;Lying-High-Bench-Barbell-Curl;video;Lying-High-Bench-Barbell-CurlD;skill;1000179
Lying-Supine-Dumbbell-CurlN;Arms;Biceps Brachii;Flexor Carpi Ulnaris;Lying-Supine-Dumbbell-Curl;Lying-Supine-Dumbbell-Curl;video;Lying-Supine-Dumbbell-CurlD;skill;1000181
Machine-Preacher-CurlsN;Arms;Biceps Brachii;Brachioradialis;Machine-Preacher-Curls;Machine-Preacher-Curls;video;Machine-Preacher-CurlsD;skill;1000182
One-Arm-Dumbbell-Preacher-CurlN;Arms;Biceps Brachii;Brachioradialis;One-Arm-Dumbbell-Preacher-Curl;One-Arm-Dumbbell-Preacher-Curl;video;One-Arm-Dumbbell-Preacher-CurlD;skill;1000186
Preacher-CurlN;Arms;Biceps Brachii;Brachioradialis;Preacher-Curl;Preacher-Curl;video;Preacher-CurlD;skill;1000187
Preacher-Hammer-Dumbbell-CurlN;Arms;Biceps Brachii;Brachioradialis;Preacher-Hammer-Dumbbell-Curl;Preacher-Hammer-Dumbbell-Curl;video;Preacher-Hammer-Dumbbell-CurlD;skill;1000188
Prone-Incline-Bicep-CurlsN;Arms;Biceps Brachii;Brachioradialis;Prone-Incline-Bicep-Curls;Prone-Incline-Bicep-Curls;video;Prone-Incline-Bicep-CurlsD;skill;1000189
Reverse-Bicep-CurlsN;Arms;Biceps Brachii;Flexor Carpi Ulnaris;Reverse-Bicep-Curls;Reverse-Bicep-Curls;video;Reverse-Bicep-CurlsD;skill;1000190
Seated-Close-Grip-Concentration-Barbell-CurlN;Arms;Biceps Brachii;Flexor Carpi Ulnaris;Seated-Close-Grip-Concentration-Barbell-Curl;Seated-Close-Grip-Concentration-Barbell-Curl;video;Seated-Close-Grip-Concentration-Barbell-CurlD;skill;1000192
Standing-Bicep-Cable-CurlN;Arms;Biceps Brachii;Brachioradialis;Standing-Bicep-Cable-Curl;Standing-Bicep-Cable-Curl;video;Standing-Bicep-Cable-CurlD;skill;1000197
Standing-One-Arm-Cable-CurlN;Arms;Biceps Brachii;Brachioradialis;Standing-One-Arm-Cable-Curl;Standing-One-Arm-Cable-Curl;video;Standing-One-Arm-Cable-CurlD;skill;1000199
Standing-One-Arm-Dumbbell-Curl-Over-Incline-BenchN;Arms;Biceps Brachii;Brachioradialis;Standing-One-Arm-Dumbbell-Curl-Over-Incline-Bench;Standing-One-Arm-Dumbbell-Curl-Over-Incline-Bench;video;Standing-One-Arm-Dumbbell-Curl-Over-Incline-BenchD;skill;1000200
Two-Arm-Dumbbell-Preacher-CurlN;Arms;Biceps Brachii;Brachioradialis;Two-Arm-Dumbbell-Preacher-Curl;Two-Arm-Dumbbell-Preacher-Curl;video;Two-Arm-Dumbbell-Preacher-CurlD;skill;1000202
Abdominal-4-Point-Drawing-InN;Abdominals;Rectus Abdominis;Rectus Abdominis;Abdominal-4-Point-Drawing-In;Abdominal-4-Point-Drawing-In;video;Abdominal-4-Point-Drawing-InD;skill;1000206
Barbell-Ab-RolloutN;Abdominals;Rectus Abdominis;Rectus Abdominis;Barbell-Ab-Rollout;Barbell-Ab-Rollout;video;Barbell-Ab-RolloutD;skill;1000207
Barbell-Ab-Rollout-On-KneesN;Abdominals;Rectus Abdominis;Rectus Abdominis;Barbell-Ab-Rollout-On-Knees;Barbell-Ab-Rollout-On-Knees;video;Barbell-Ab-Rollout-On-KneesD;skill;1000208
Crunch-Legs-On-Exercise-BallN;Abdominals;Rectus Abdominis;Rectus Abdominis;Crunch-Legs-On-Exercise-Ball;Crunch-Legs-On-Exercise-Ball;video;Crunch-Legs-On-Exercise-BallD;skill;1000209
Decline-Oblique-CrunchN;Abdominals;Rectus Abdominis;External Oblique;Decline-Oblique-Crunch;Decline-Oblique-Crunch;video;Decline-Oblique-CrunchD;skill;1000210
Exercise-Ball-CrunchN;Abdominals;Rectus Abdominis;Rectus Abdominis;Exercise-Ball-Crunch;Exercise-Ball-Crunch;video;Exercise-Ball-CrunchD;skill;1000211
Exercise-Ball-Pull-InN;Abdominals;Rectus Abdominis;Internal Oblique;Exercise-Ball-Pull-In;Exercise-Ball-Pull-In;video;Exercise-Ball-Pull-InD;skill;1000212
Barbell-Hack-SquatN;Legs;Quadriceps Femoris;Quadriceps Femoris;Barbell-Hack-Squat;Barbell-Hack-Squat;video;Barbell-Hack-SquatD;skill;1000214
Cable-Hip-AdductionN;Legs;Adductor;Gluteus Maximus;Cable-Hip-Adduction;Cable-Hip-Adduction;video;Cable-Hip-AdductionD;skill;1000218
Dumbbell-LungeN;Legs;Quadriceps Femoris;Gluteus Maximus;Dumbbell-Lunge;Dumbbell-Lunge;video;Dumbbell-LungeD;skill;1000219
Front-Barbell-SquatN;Legs;Quadriceps Femoris;Quadriceps Femoris;Front-Barbell-Squat;Front-Barbell-Squat;video;Front-Barbell-SquatD;skill;1000225
Lying-Machine-SquatN;Legs;Quadriceps Femoris;Gluteus Maximus;Lying-Machine-Squat;Lying-Machine-Squat;video;Lying-Machine-SquatD;skill;1000229
Side-Split-SquatsN;Legs;Adductor;Quadriceps Femoris;Side-Split-Squats;Side-Split-Squats;video;Side-Split-SquatsD;skill;1000234
Smith-Machine-SquatN;Legs;Quadriceps Femoris;Quadriceps Femoris;Smith-Machine-Squat;Smith-Machine-Squat;video;Smith-Machine-SquatD;skill;1000237
Wide-Stance-Barbell-SquatN;Legs;Quadriceps Femoris;Gluteus Maximus;Wide-Stance-Barbell-Squat;Wide-Stance-Barbell-Squat;video;Wide-Stance-Barbell-SquatD;skill;1000239
Flutter-KicksN;Legs;Gluteus Maximus;Gluteus Maximus;Flutter-Kicks;Flutter-Kicks;video;Flutter-KicksD;skill;1000242
Calf-Press-On-The-Leg-Press-MachineN;Legs;Gastrocnemius;Tibialis Anterior;Calf-Press-On-The-Leg-Press-Machine;Calf-Press-On-The-Leg-Press-Machine;video;Calf-Press-On-The-Leg-Press-MachineD;skill;1000244
Dumbbell-Seated-One-Leg-Calf-RaiseN;Legs;Gastrocnemius;Tibialis Anterior;Dumbbell-Seated-One-Leg-Calf-Raise;Dumbbell-Seated-One-Leg-Calf-Raise;video;Dumbbell-Seated-One-Leg-Calf-RaiseD;skill;1000245
Smith-Machine-Reverse-Calf-RaisesN;Legs;Tibialis Anterior;Gastrocnemius;Smith-Machine-Reverse-Calf-Raises;Smith-Machine-Reverse-Calf-Raises;video;Smith-Machine-Reverse-Calf-RaisesD;skill;1000247
Standing-Barbell-Calf-RaiseN;Legs;Gastrocnemius;Tibialis Anterior;Standing-Barbell-Calf-Raise;Standing-Barbell-Calf-Raise;video;Standing-Barbell-Calf-RaiseD;skill;1000248
Standing-Calf-RaisesN;Legs;Gastrocnemius;Tibialis Anterior;Standing-Calf-Raises;Standing-Calf-Raises;video;Standing-Calf-RaisesD;skill;1000249
Bent-Arm-PulloverN;Chest;Pectoralis Major;Deltoid;Bent-Arm-Pullover;Bent-Arm-Pullover;video;Bent-Arm-PulloverD;skill;1000251
Chin-UpsN;Back;Latissimus Dorsi;Biceps Brachii;Chin-Ups;Chin-Ups;video;Chin-UpsD;skill;1000252
Dead-LiftsN;Back;Latissimus Dorsi;Biceps Femoris;Dead-Lifts;Dead-Lifts;video;Dead-LiftsD;skill;1000256
Gironda-Sternum-ChinsN;Back;Latissimus Dorsi;Biceps Brachii;Gironda-Sternum-Chins;Gironda-Sternum-Chins;video;Gironda-Sternum-ChinsD;skill;1000258
Good-MorningsN;Back;Latissimus Dorsi;Biceps Femoris;Good-Mornings;Good-Mornings;video;Good-MorningsD;skill;1000259
Narrow-Parallel-Grip-Chin-upsN;Back;Infraspinatus;Biceps Brachii;Narrow-Parallel-Grip-Chin-ups;Narrow-Parallel-Grip-Chin-ups;video;Narrow-Parallel-Grip-Chin-upsD;skill;1000260
Smith-Machine-Dead-LiftsN;Back;Latissimus Dorsi;Biceps Femoris;Smith-Machine-Dead-Lifts;Smith-Machine-Dead-Lifts;video;Smith-Machine-Dead-LiftsD;skill;1000261
Straight-Arm-PulldownN;Back;Trapezius;Triceps Brachii;Straight-Arm-Pulldown;Straight-Arm-Pulldown;video;Straight-Arm-PulldownD;skill;1000263
SupermansN;Back;Latissimus Dorsi;Gluteus Maximus;Supermans;Supermans;video;SupermansD;skill;1000264
Underhand-Cable-PulldownsN;Back;Latissimus Dorsi;Biceps Brachii;Underhand-Cable-Pulldowns;Underhand-Cable-Pulldowns;video;Underhand-Cable-PulldownsD;skill;1000265
Smith-Machine-Rear-Deltoid-RowN;Back;Latissimus Dorsi;Biceps Brachii;Smith-Machine-Rear-Deltoid-Row;Smith-Machine-Rear-Deltoid-Row;video;Smith-Machine-Rear-Deltoid-RowD;skill;1000268
Barbell-Seated-Calf-RaiseN;Legs;Gastrocnemius;Tibialis Anterior;Barbell-Seated-Calf-Raise;Barbell-Seated-Calf-Raise;video;Barbell-Seated-Calf-RaiseD;skill;1000270
Barbell-ShrugN;Shoulders;Trapezius;Deltoid;Barbell-Shrug;Barbell-Shrug;video;Barbell-ShrugD;skill;100073
One-Arm-Upright-RowN;Shoulders;Deltoid;Trapezius;One-Arm-Upright-Row;One-Arm-Upright-Row;video;One-Arm-Upright-RowD;skill;100076
Smith-Machine-Upright-RowN;Shoulders;Deltoid;Trapezius;Smith-Machine-Upright-Row;Smith-Machine-Upright-Row;video;Smith-Machine-Upright-RowD;skill;100078
Cable-Internal-RotationN;Shoulders;Deltoid;Brachioradialis;Cable-Internal-Rotation;Cable-Internal-Rotation;video;Cable-Internal-RotationD;skill;100082
Dumbbell-Lying-One-Arm-Rear-Lateral-RaiseN;Shoulders;Deltoid;Trapezius;Dumbbell-Lying-One-Arm-Rear-Lateral-Raise;Dumbbell-Lying-One-Arm-Rear-Lateral-Raise;video;Dumbbell-Lying-One-Arm-Rear-Lateral-RaiseD;skill;100085
Dumbbell-One-Arm-Shoulder-PressN;Shoulders;Deltoid;Trapezius;Dumbbell-One-Arm-Shoulder-Press;Dumbbell-One-Arm-Shoulder-Press;video;Dumbbell-One-Arm-Shoulder-PressD;skill;100087
Pullover-On-Stability-Ball-With-WeightN;Chest;Pectoralis Major;Triceps Brachii;Pullover-On-Stability-Ball-With-Weight;Pullover-On-Stability-Ball-With-Weight;video;Pullover-On-Stability-Ball-With-WeightD;skill;100092
Body-RowN;Back;Latissimus Dorsi;Infraspinatus;Body-Row;Body-Row;video;Body-RowD;skill;100095
BOSU-Ball-Push-UpsN;Chest;Pectoralis Major;Triceps Brachii;BOSU-Ball-Push-Ups;BOSU-Ball-Push-Ups;video;BOSU-Ball-Push-UpsD;skill;100096
Front-Raise-And-PulloverN;Chest;Pectoralis Major;Triceps Brachii;Front-Raise-And-Pullover;Front-Raise-And-Pullover;video;Front-Raise-And-PulloverD;skill;1000100
Incline-Cable-FlyeN;Chest;Pectoralis Major;Triceps Brachii;Incline-Cable-Flye;Incline-Cable-Flye;video;Incline-Cable-FlyeD;skill;1000102
Neck-PressN;Chest;Pectoralis Major;Triceps Brachii;Neck-Press;Neck-Press;video;Neck-PressD;skill;1000107
One-Arm-Dumbbell-Bench-PressN;Chest;Pectoralis Major;Triceps Brachii;One-Arm-Dumbbell-Bench-Press;One-Arm-Dumbbell-Bench-Press;video;One-Arm-Dumbbell-Bench-PressD;skill;1000108
One-Arm-Floor-PressN;Chest;Pectoralis Major;Triceps Brachii;One-Arm-Floor-Press;One-Arm-Floor-Press;video;One-Arm-Floor-PressD;skill;1000109
One-Armed-Biased-Push-UpN;Chest;Pectoralis Major;Triceps Brachii;One-Armed-Biased-Push-Up;One-Armed-Biased-Push-Up;video;One-Armed-Biased-Push-UpD;skill;1000110
One-Arm-Flat-Bench-Dumbbell-FlyeN;Chest;Pectoralis Major;Triceps Brachii;One-Arm-Flat-Bench-Dumbbell-Flye;One-Arm-Flat-Bench-Dumbbell-Flye;video;One-Arm-Flat-Bench-Dumbbell-FlyeD;skill;1000111
Wide-Grip-Decline-Barbell-PulloverN;Chest;Pectoralis Major;Triceps Brachii;Wide-Grip-Decline-Barbell-Pullover;Wide-Grip-Decline-Barbell-Pullover;video;Wide-Grip-Decline-Barbell-PulloverD;skill;1000115
Decline-EZ-Bar-Tricep-ExtensionN;Arms;Triceps Brachii;Flexor Carpi Ulnaris;Decline-EZ-Bar-Tricep-Extension;Decline-EZ-Bar-Tricep-Extension;video;Decline-EZ-Bar-Tricep-ExtensionD;skill;1000123
Dip-MachineN;Arms;Triceps Brachii;Flexor Carpi Ulnaris;Dip-Machine;Dip-Machine;video;Dip-MachineD;skill;1000124
Incline-Triceps-ExtensionsN;Arms;Triceps Brachii;Flexor Carpi Ulnaris;Incline-Triceps-Extensions;Incline-Triceps-Extensions;video;Incline-Triceps-ExtensionsD;skill;1000127
Kneeling-Cable-Concentration-Triceps-ExtensionN;Arms;Triceps Brachii;Flexor Carpi Ulnaris;Kneeling-Cable-Concentration-Triceps-Extension;Kneeling-Cable-Concentration-Triceps-Extension;video;Kneeling-Cable-Concentration-Triceps-ExtensionD;skill;1000128
Low-Cable-Tricep-ExtensionN;Arms;Triceps Brachii;Flexor Carpi Ulnaris;Low-Cable-Tricep-Extension;Low-Cable-Tricep-Extension;video;Low-Cable-Tricep-ExtensionD;skill;1000129
Kneeling-Cable-Triceps-ExtensionN;Arms;Triceps Brachii;Flexor Carpi Ulnaris;Kneeling-Cable-Triceps-Extension;Kneeling-Cable-Triceps-Extension;video;Kneeling-Cable-Triceps-ExtensionD;skill;1000130
Lying-Close-Grip-Barbell-Triceps-Extension-Behind-HeadN;Arms;Triceps Brachii;Flexor Carpi Ulnaris;Lying-Close-Grip-Barbell-Triceps-Extension-Behind-Head;Lying-Close-Grip-Barbell-Triceps-Extension-Behind-Head;video;Lying-Close-Grip-Barbell-Triceps-Extension-Behind-HeadD;skill;1000131
Lying Close-Grip-Barbell-Triceps-Press-To-ChinN;Arms;Triceps Brachii;Flexor Carpi Ulnaris;Lying Close-Grip-Barbell-Triceps-Press-To-Chin;Lying Close-Grip-Barbell-Triceps-Press-To-Chin;video;Lying Close-Grip-Barbell-Triceps-Press-To-ChinD;skill;1000132
Lying-Dumbbell-Tricep-ExtensionN;Arms;Triceps Brachii;Flexor Carpi Ulnaris;Lying-Dumbbell-Tricep-Extension;Lying-Dumbbell-Tricep-Extension;video;Lying-Dumbbell-Tricep-ExtensionD;skill;1000133
Lying-Tricep-Extensions-Across-FaceN;Arms;Triceps Brachii;Flexor Carpi Ulnaris;Lying-Tricep-Extensions-Across-Face;Lying-Tricep-Extensions-Across-Face;video;Lying-Tricep-Extensions-Across-FaceD;skill;1000134
Lying-Supine-Two-Arm-Dumbbell-Triceps-ExtensionN;Arms;Triceps Brachii;Flexor Carpi Ulnaris;Lying-Supine-Two-Arm-Dumbbell-Triceps-Extension;Lying-Supine-Two-Arm-Dumbbell-Triceps-Extension;video;Lying-Supine-Two-Arm-Dumbbell-Triceps-ExtensionD;skill;1000135
Seated-Bent-Over-One-Arm-Dumbbell-Triceps-ExtensionN;Arms;Triceps Brachii;Flexor Carpi Ulnaris;Seated-Bent-Over-One-Arm-Dumbbell-Triceps-Extension;Seated-Bent-Over-One-Arm-Dumbbell-Triceps-Extension;video;Seated-Bent-Over-One-Arm-Dumbbell-Triceps-ExtensionD;skill;1000141
Smith-Machine-Close-Grip-Bench-PressN;Arms;Triceps Brachii;Pectoralis Major;Smith-Machine-Close-Grip-Bench-Press;Smith-Machine-Close-Grip-Bench-Press;video;Smith-Machine-Close-Grip-Bench-PressD;skill;1000144
Standing-Dumbbell-Triceps-ExtensionN;Arms;Triceps Brachii;Flexor Carpi Ulnaris;Standing-Dumbbell-Triceps-Extension;Standing-Dumbbell-Triceps-Extension;video;Standing-Dumbbell-Triceps-ExtensionD;skill;1000145
Standing-Low-Pulley-One-Arm-Triceps-ExtensionN;Arms;Triceps Brachii;Flexor Carpi Ulnaris;Standing-Low-Pulley-One-Arm-Triceps-Extension;Standing-Low-Pulley-One-Arm-Triceps-Extension;video;Standing-Low-Pulley-One-Arm-Triceps-ExtensionD;skill;1000146
Standing-Towel-Triceps-ExtensionN;Arms;Triceps Brachii;Flexor Carpi Ulnaris;Standing-Towel-Triceps-Extension;Standing-Towel-Triceps-Extension;video;Standing-Towel-Triceps-ExtensionD;skill;1000148
Tate-PressN;Arms;Triceps Brachii;Flexor Carpi Ulnaris;Tate-Press;Tate-Press;video;Tate-PressD;skill;1000149
Triceps-ExtensionsN;Arms;Triceps Brachii;Flexor Carpi Ulnaris;Triceps-Extensions;Triceps-Extensions;video;Triceps-ExtensionsD;skill;1000150
Ball-Wall-CirclesN;Chest;Pectoralis Major;Triceps Brachii;Ball-Wall-Circles;Ball-Wall-Circles;video;Ball-Wall-CirclesD;skill;1000154
Bicep-Curl-Lunge-with-Bowling-MotionN;Legs;Biceps Brachii;Quadriceps Femoris;Bicep-Curl-Lunge-with-Bowling-Motion;Bicep-Curl-Lunge-with-Bowling-Motion;video;Bicep-Curl-Lunge-with-Bowling-MotionD;skill;1000155
Bicep-Curl-on-Stability-Ball-with-Leg-RaisedN;Arms;Biceps Brachii;Brachioradialis;Bicep-Curl-on-Stability-Ball-with-Leg-Raised;Bicep-Curl-on-Stability-Ball-with-Leg-Raised;video;Bicep-Curl-on-Stability-Ball-with-Leg-RaisedD;skill;1000156
Bicep-Curl-Stork-StanceN;Arms;Biceps Brachii;Brachioradialis;Bicep-Curl-Stork-Stance;Bicep-Curl-Stork-Stance;video;Bicep-Curl-Stork-StanceD;skill;1000157
Bicep-Curls-Seated-on-Stability-BallN;Arms;Biceps Brachii;Brachioradialis;Bicep-Curls-Seated-on-Stability-Ball;Bicep-Curls-Seated-on-Stability-Ball;video;Bicep-Curls-Seated-on-Stability-BallD;skill;1000159
Bicep-Curls-V-Sit-on-DomeN;Arms;Biceps Brachii;Rectus Abdominis;Bicep-Curls-V-Sit-on-Dome;Bicep-Curls-V-Sit-on-Dome;video;Bicep-Curls-V-Sit-on-DomeD;skill;1000160
Bicep-Curls-with-Overhead-Extension-Kneeling-on-SBN;Arms;Biceps Brachii;Triceps Brachii;Bicep-Curls-with-Overhead-Extension-Kneeling-on-SB;Bicep-Curls-with-Overhead-Extension-Kneeling-on-SB;video;Bicep-Curls-with-Overhead-Extension-Kneeling-on-SBD;skill;1000161
Cable-Preacher-CurlN;Arms;Biceps Brachii;Brachioradialis;Cable-Preacher-Curl;Cable-Preacher-Curl;video;Cable-Preacher-CurlD;skill;1000163
Close-Grip-EZ-Bar-CurlN;Arms;Biceps Brachii;Brachioradialis;Close-Grip-EZ-Bar-Curl;Close-Grip-EZ-Bar-Curl;video;Close-Grip-EZ-Bar-CurlD;skill;1000164
High-Cable-CurlsN;Arms;Biceps Brachii;Brachioradialis;High-Cable-Curls;High-Cable-Curls;video;High-Cable-CurlsD;skill;1000174
Lying-Cable-CurlN;Arms;Biceps Brachii;Brachioradialis;Lying-Cable-Curl;Lying-Cable-Curl;video;Lying-Cable-CurlD;skill;1000177
Lying-Close-Grip-Bar-Curl-On-High-PulleyN;Arms;Biceps Brachii;Brachioradialis;Lying-Close-Grip-Bar-Curl-On-High-Pulley;Lying-Close-Grip-Bar-Curl-On-High-Pulley;video;Lying-Close-Grip-Bar-Curl-On-High-PulleyD;skill;1000178
Lying-Incline-CurlN;Arms;Biceps Brachii;Brachioradialis;Lying-Incline-Curl;Lying-Incline-Curl;video;Lying-Incline-CurlD;skill;1000180
Medicine-Ball-Bicep-Curls-on-Stability-BallN;Arms;Biceps Brachii;Brachioradialis;Medicine-Ball-Bicep-Curls-on-Stability-Ball;Medicine-Ball-Bicep-Curls-on-Stability-Ball;video;Medicine-Ball-Bicep-Curls-on-Stability-BallD;skill;1000183
One-Arm-Bicep-Concentration-on-Stability-BallN;Arms;Biceps Brachii;Brachioradialis;One-Arm-Bicep-Concentration-on-Stability-Ball;One-Arm-Bicep-Concentration-on-Stability-Ball;video;One-Arm-Bicep-Concentration-on-Stability-BallD;skill;1000184
One-Arm-Bicep-Curl-with-Olympic-BarN;Arms;Biceps Brachii;Brachioradialis;One-Arm-Bicep-Curl-with-Olympic-Bar;One-Arm-Bicep-Curl-with-Olympic-Bar;video;One-Arm-Bicep-Curl-with-Olympic-BarD;skill;1000185
Reverse-Plate-CurlsN;Arms;Biceps Brachii;Brachioradialis;Reverse-Plate-Curls;Reverse-Plate-Curls;video;Reverse-Plate-CurlsD;skill;1000191
Seated-Dumbbell-CurlN;Arms;Biceps Brachii;Brachioradialis;Seated-Dumbbell-Curl;Seated-Dumbbell-Curl;video;Seated-Dumbbell-CurlD;skill;1000193
Seated-Dumbbell-Inner-Bicep-CurlN;Arms;Biceps Brachii;Brachioradialis;Seated-Dumbbell-Inner-Bicep-Curl;Seated-Dumbbell-Inner-Bicep-Curl;video;Seated-Dumbbell-Inner-Bicep-CurlD;skill;1000194
Speed-Alternating-Bicep-Curls-with-BandN;Arms;Biceps Brachii;Brachioradialis;Speed-Alternating-Bicep-Curls-with-Band;Speed-Alternating-Bicep-Curls-with-Band;video;Speed-Alternating-Bicep-Curls-with-BandD;skill;1000195
Spider-CurlN;Arms;Biceps Brachii;Brachioradialis;Spider-Curl;Spider-Curl;video;Spider-CurlD;skill;1000196
Standing-Inner-Biceps-CurlN;Arms;Biceps Brachii;Brachioradialis;Standing-Inner-Biceps-Curl;Standing-Inner-Biceps-Curl;video;Standing-Inner-Biceps-CurlD;skill;1000198
Step-Up-Single-Leg-Balance-with-Bicep-CurlN;Arms;Biceps Brachii;Brachioradialis;Step-Up-Single-Leg-Balance-with-Bicep-Curl;Step-Up-Single-Leg-Balance-with-Bicep-Curl;video;Step-Up-Single-Leg-Balance-with-Bicep-CurlD;skill;1000201
Wide-Grip-Standing-Barbell-CurlN;Arms;Biceps Brachii;Brachioradialis;Wide-Grip-Standing-Barbell-Curl;Wide-Grip-Standing-Barbell-Curl;video;Wide-Grip-Standing-Barbell-CurlD;skill;1000203
Zottman-CurlN;Arms;Biceps Brachii;Brachioradialis;Zottman-Curl;Zottman-Curl;video;Zottman-CurlD;skill;1000204
Zottman-Preacher-CurlN;Arms;Biceps Brachii;Brachioradialis;Zottman-Preacher-Curl;Zottman-Preacher-Curl;video;Zottman-Preacher-CurlD;skill;1000205
Barbell-Single-Leg-SquatN;Legs;Quadriceps Femoris;Gluteus Maximus;Barbell-Single-Leg-Squat;Barbell-Single-Leg-Squat;video;Barbell-Single-Leg-SquatD;skill;1000215
Barbell-Step-UpsN;Legs;Quadriceps Femoris;Gluteus Maximus;Barbell-Step-Ups;Barbell-Step-Ups;video;Barbell-Step-UpsD;skill;1000216
Bicep-Curl-SquatN;Legs;Quadriceps Femoris;Gluteus Maximus;Bicep-Curl-Squat;Bicep-Curl-Squat;video;Bicep-Curl-SquatD;skill;1000217
Dumbbell-SquatN;Legs;Quadriceps Femoris;Gluteus Maximus;Dumbbell-Squat;Dumbbell-Squat;video;Dumbbell-SquatD;skill;1000220
Dumbbell-Squat-To-A-BenchN;Legs;Quadriceps Femoris;Gluteus Maximus;Dumbbell-Squat-To-A-Bench;Dumbbell-Squat-To-A-Bench;video;Dumbbell-Squat-To-A-BenchD;skill;1000221
Dumbbell-Step-UpsN;Legs;Quadriceps Femoris;Gluteus Maximus;Dumbbell-Step-Ups;Dumbbell-Step-Ups;video;Dumbbell-Step-UpsD;skill;1000222
Exercise-Band-SquatsN;Legs;Quadriceps Femoris;Gluteus Maximus;Exercise-Band-Squats;Exercise-Band-Squats;video;Exercise-Band-SquatsD;skill;1000223
Front-Barbell-Squat-To-A-BenchN;Legs;Quadriceps Femoris;Gluteus Maximus;Front-Barbell-Squat-To-A-Bench;Front-Barbell-Squat-To-A-Bench;video;Front-Barbell-Squat-To-A-BenchD;skill;1000226
Iron-CrossN;Legs;Quadriceps Femoris;Gluteus Maximus;Iron-Cross;Iron-Cross;video;Iron-CrossD;skill;1000227
Lateral-Lunge-with-Bicep-CurlN;Legs;Quadriceps Femoris;Gluteus Maximus;Lateral-Lunge-with-Bicep-Curl;Lateral-Lunge-with-Bicep-Curl;video;Lateral-Lunge-with-Bicep-CurlD;skill;1000228
Leg-ExtensionsN;Legs;Quadriceps Femoris;Gluteus Maximus;Leg-Extensions;Leg-Extensions;video;Leg-ExtensionsD;skill;1000230
One-Arm-Side-DeadliftN;Legs;Quadriceps Femoris;Gluteus Maximus;One-Arm-Side-Deadlift;One-Arm-Side-Deadlift;video;One-Arm-Side-DeadliftD;skill;1000231
Overhead-SquatN;Legs;Quadriceps Femoris;Gluteus Maximus;Overhead-Squat;Overhead-Squat;video;Overhead-SquatD;skill;1000232
Plie-Dumbbell-SquatN;Legs;Quadriceps Femoris;Gluteus Maximus;Plie-Dumbbell-Squat;Plie-Dumbbell-Squat;video;Plie-Dumbbell-SquatD;skill;1000233
Single-Leg-SquatN;Legs;Quadriceps Femoris;Gluteus Maximus;Single-Leg-Squat;Single-Leg-Squat;video;Single-Leg-SquatD;skill;1000235
Smith-Machine-Hack-SquatN;Legs;Quadriceps Femoris;Gluteus Maximus;Smith-Machine-Hack-Squat;Smith-Machine-Hack-Squat;video;Smith-Machine-Hack-SquatD;skill;1000236
Squat-To-BenchN;Legs;Quadriceps Femoris;Gluteus Maximus;Squat-To-Bench;Squat-To-Bench;video;Squat-To-BenchD;skill;1000238
Zecher-SquatsN;Legs;Quadriceps Femoris;Gluteus Maximus;Zecher-Squats;Zecher-Squats;video;Zecher-SquatsD;skill;1000240
Leg-LiftN;Legs;Quadriceps Femoris;Gastrocnemius;Leg-Lift;Leg-Lift;video;Leg-LiftD;skill;1000241
Jefferson-SquatsN;Legs;Quadriceps Femoris;Gluteus Maximus;Jefferson-Squats;Jefferson-Squats;video;Jefferson-SquatsD;skill;1000243
Rocking-Standing-Calf-RaiseN;Legs;Gastrocnemius;Tibialis Anterior;Rocking-Standing-Calf-Raise;Rocking-Standing-Calf-Raise;video;Rocking-Standing-Calf-RaiseD;skill;1000246
Donkey-Calf-RaisesN;Legs;Gastrocnemius;Tibialis Anterior;Donkey-Calf-Raises;Donkey-Calf-Raises;video;Donkey-Calf-RaisesD;skill;1000250
Climbers-Chin-UpN;Back;Latissimus Dorsi;Biceps Brachii;Climbers-Chin-Up;Climbers-Chin-Up;video;Climbers-Chin-UpD;skill;1000253
Close-Grip-Front-Lat-PulldownN;Back;Latissimus Dorsi;Biceps Brachii;Close-Grip-Front-Lat-Pulldown;Close-Grip-Front-Lat-Pulldown;video;Close-Grip-Front-Lat-PulldownD;skill;1000254
Cuban-PressN;Shoulders;Deltoid;Trapezius;Cuban-Press;Cuban-Press;video;Cuban-PressD;skill;1000255
Smith-Machine-Good-MorningsN;Back;Latissimus Dorsi;Biceps Femoris;Smith-Machine-Good-Mornings;Smith-Machine-Good-Mornings;video;Smith-Machine-Good-MorningsD;skill;1000262
Upright-RowN;Shoulders;Deltoid;Trapezius;Upright-Row;Upright-Row;video;Upright-RowD;skill;1000266
Barbell-Rear-Delt-RowN;Back;Latissimus Dorsi;Biceps Brachii;Barbell-Rear-Delt-Row;Barbell-Rear-Delt-Row;video;Barbell-Rear-Delt-RowD;skill;1000267
Hyperextensions-Stability-BallN;Back;Latissimus Dorsi;Rectus Abdominis;Hyperextensions-Stability-Ball;Hyperextensions-Stability-Ball;video;Hyperextensions-Stability-BallD;skill;1000269
Weighted-Ball-Side-BendN;Abdominals;External Oblique;Internal Oblique;Weighted-Ball-Side-Bend;Weighted-Ball-Side-Bend;video;Weighted-Ball-Side-BendD;skill;1000213
Dumbbell-front-raises-2N;Shoulders;Deltoid;Trapezius;Dumbbell-front-raises-2;Dumbbell-front-raises-2;video;Dumbbell-front-raises-2D;skill;1000271
Weighted-Sissy-SquatN;Legs;Quadriceps Femoris;Gluteus Maximus;Weighted-Sissy-Squat;Weighted-Sissy-Squat;video;Weighted-Sissy-SquatD;skill;1000272
narrow-stance-hack-squatsN;Legs;Quadriceps Femoris;Gluteus Maximus;narrow-stance-hack-squats;narrow-stance-hack-squats;video;narrow-stance-hack-squatsD;skill;1000273
wide-stance-hack-squatsN;Legs;Quadriceps Femoris;Gluteus Maximus;wide-stance-hack-squats;wide-stance-hack-squats;video;wide-stance-hack-squatsD;skill;1000274
narrow-stance-leg-pressN;Legs;Quadriceps Femoris;Biceps Femoris;narrow-stance-leg-press;narrow-stance-leg-press;video;narrow-stance-leg-pressD;skill;1000275
wide-stance-leg-pressN;Legs;Quadriceps Femoris;Biceps Femoris;wide-stance-leg-press;wide-stance-leg-press;video;wide-stance-leg-pressD;skill;1000276
RunningN;Cardio;Quadriceps Femoris;Gluteus Maximus;Running;Running;video;RunningD;skill;1000277
StretchingN;Cardio;Quadriceps Femoris;Latissimus Dorsi;Stretching;Stretching;video;StretchingD;skill;1000278
SwimmingN;Cardio;Trapezius;Latissimus Dorsi;Swimming;Swimming;video;SwimmingD;skill;1000279
WalkingN;Cardio;Quadriceps Femoris;Gluteus Maximus;Walking;Walking;video;WalkingD;skill;1000280
AerobicsN;Cardio;Quadriceps Femoris;Gluteus Maximus;Aerobics;Aerobics;video;AerobicsD;skill;1000281
BoxingN;Cardio;Biceps Brachii;Deltoid;Boxing;Boxing;video;BoxingD;skill;1000282
1-Ab-Crunch-MachineN;Abdominals;Rectus Abdominis;Rectus Abdominis;1-Ab-Crunch-Machine;1-Ab-Crunch-Machine;video;1-Ab-Crunch-MachineD;skill;1000300
2-Sit-UpN;Abdominals;Rectus Abdominis;Rectus Abdominis;2-Sit-Up;2-Sit-Up;video;2-Sit-UpD;skill;1000301
3-Cable-Chest-PressN;Chest;Pectoralis Major;Triceps Brachii;3-Cable-Chest-Press;3-Cable-Chest-Press;video;3-Cable-Chest-PressD;skill;1000302
4-Lying-Leg-CurlN;Legs;Biceps Femoris;Gluteus Maximus;4-Lying-Leg-Curl;4-Lying-Leg-Curl;video;4-Lying-Leg-CurlD;skill;1000303
5-side-Lateral-Raise-one-handN;Shoulders;Deltoid;Trapezius;5-side-Lateral-Raise-one-hand;5-side-Lateral-Raise-one-hand;video;5-side-Lateral-Raise-one-handD;skill;1000304
6-Dumbell-Rear-FlyN;Shoulders;Trapezius;Deltoid;6-Dumbell-Rear-Fly;6-Dumbell-Rear-Fly;video;6-Dumbell-Rear-FlyD;skill;1000305
7-Cable-side-lateral-raiseN;Shoulders;Deltoid;Trapezius;7-Cable-side-lateral-raise;7-Cable-side-lateral-raise;video;7-Cable-side-lateral-raiseD;skill;1000306
8-Assisted-DipN;Chest;Pectoralis Major;Triceps Brachii;8-Assisted-Dip;8-Assisted-Dip;video;8-Assisted-DipD;skill;1000307
9-Standing-Barbell-military-pressN;Shoulders;Deltoid;Trapezius;9-Standing-Barbell-military-press;9-Standing-Barbell-military-press;video;9-Standing-Barbell-military-pressD;skill;1000308
10-Standing-Military-Press-Behind-The-NeckN;Shoulders;Deltoid;Trapezius;10-Standing-Military-Press-Behind-The-Neck;10-Standing-Military-Press-Behind-The-Neck;video;10-Standing-Military-Press-Behind-The-NeckD;skill;1000309
11-Seated-Military-Press-Behind-The-NeckN;Shoulders;Deltoid;Trapezius;11-Seated-Military-Press-Behind-The-Neck;11-Seated-Military-Press-Behind-The-Neck;video;11-Seated-Military-Press-Behind-The-NeckD;skill;1000310
12-Military-press-Smith-machine-behind-neckN;Shoulders;Deltoid;Trapezius;12-Military-press-Smith-machine-behind-neck;12-Military-press-Smith-machine-behind-neck;video;12-Military-press-Smith-machine-behind-neckD;skill;1000311
13-Military-press-Smith-machineN;Shoulders;Deltoid;Trapezius;13-Military-press-Smith-machine;13-Military-press-Smith-machine;video;13-Military-press-Smith-machineD;skill;1000312
14-Smith-Machine-decline-Bench-pressN;Chest;Pectoralis Major;Triceps Brachii;14-Smith-Machine-decline-Bench-press;14-Smith-Machine-decline-Bench-press;video;14-Smith-Machine-decline-Bench-pressD;skill;1000313
15-Bench-knee-raiseN;Abdominals;Rectus Abdominis;Rectus Abdominis;15-Bench-knee-raise;15-Bench-knee-raise;video;15-Bench-knee-raiseD;skill;1000314
16-Leg-Raise-On-Parallel-BarsN;Abdominals;Rectus Abdominis;Rectus Abdominis;16-Leg-Raise-On-Parallel-Bars;16-Leg-Raise-On-Parallel-Bars;video;16-Leg-Raise-On-Parallel-BarsD;skill;1000315
17-Knee-raise-on-parallel-barsN;Abdominals;Rectus Abdominis;Rectus Abdominis;17-Knee-raise-on-parallel-bars;17-Knee-raise-on-parallel-bars;video;17-Knee-raise-on-parallel-barsD;skill;1000316
18-Oblique-Raises-on-Parallel-BarsN;Abdominals;Rectus Abdominis;External Oblique;18-Oblique-Raises-on-Parallel-Bars;18-Oblique-Raises-on-Parallel-Bars;video;18-Oblique-Raises-on-Parallel-BarsD;skill;1000317
19-Reverse-Standing-Barbell-CurlN;Arms;Brachioradialis;Biceps Brachii;19-Reverse-Standing-Barbell-Curl;19-Reverse-Standing-Barbell-Curl;video;19-Reverse-Standing-Barbell-CurlD;skill;1000318
20-Ab-Draw-Leg-SlideN;Abdominals;Rectus Abdominis;Rectus Abdominis;20-Ab-Draw-Leg-Slide;20-Ab-Draw-Leg-Slide;video;20-Ab-Draw-Leg-SlideD;skill;1000319
21-Air-BikeN;Abdominals;Rectus Abdominis;Rectus Abdominis;21-Air-Bike;21-Air-Bike;video;21-Air-BikeD;skill;1000320
22-Alternate-Heel-TouchersN;Abdominals;External Oblique;Internal Oblique;22-Alternate-Heel-Touchers;22-Alternate-Heel-Touchers;video;22-Alternate-Heel-TouchersD;skill;1000321
23-Alternate-Leg-Reverse-HyperN;Abdominals;Rectus Abdominis;Rectus Abdominis;23-Alternate-Leg-Reverse-Hyper;23-Alternate-Leg-Reverse-Hyper;video;23-Alternate-Leg-Reverse-HyperD;skill;1000322
24-Alternate-Reach-and-CatchN;Abdominals;Rectus Abdominis;External Oblique;24-Alternate-Reach-and-Catch;24-Alternate-Reach-and-Catch;video;24-Alternate-Reach-and-CatchD;skill;1000323
25-Barbell-Side-BendN;Abdominals;External Oblique;Internal Oblique;25-Barbell-Side-Bend;25-Barbell-Side-Bend;video;25-Barbell-Side-BendD;skill;1000324
26-Boat-PoseN;Abdominals;Rectus Abdominis;Rectus Abdominis;26-Boat-Pose;26-Boat-Pose;video;26-Boat-PoseD;skill;1000325
27-Cable-CrunchN;Abdominals;Rectus Abdominis;Rectus Abdominis;27-Cable-Crunch;27-Cable-Crunch;video;27-Cable-CrunchD;skill;1000326
28-Cable-Side-BendsN;Abdominals;External Oblique;Internal Oblique;28-Cable-Side-Bends;28-Cable-Side-Bends;video;28-Cable-Side-BendsD;skill;1000327
29-Crunch-with-Hands-OverheadN;Abdominals;Rectus Abdominis;Rectus Abdominis;29-Crunch-with-Hands-Overhead;29-Crunch-with-Hands-Overhead;video;29-Crunch-with-Hands-OverheadD;skill;1000328
30-Crunches-FloorN;Abdominals;Rectus Abdominis;Rectus Abdominis;30-Crunches-Floor;30-Crunches-Floor;video;30-Crunches-FloorD;skill;1000329
31-Decline-Ab-ReachN;Abdominals;Rectus Abdominis;Rectus Abdominis;31-Decline-Ab-Reach;31-Decline-Ab-Reach;video;31-Decline-Ab-ReachD;skill;1000330
32-Hanging-Knee-RaiseN;Abdominals;Rectus Abdominis;Rectus Abdominis;32-Hanging-Knee-Raise;32-Hanging-Knee-Raise;video;32-Hanging-Knee-RaiseD;skill;1000331
33-Hanging-Leg-RaiseN;Abdominals;Rectus Abdominis;Rectus Abdominis;33-Hanging-Leg-Raise;33-Hanging-Leg-Raise;video;33-Hanging-Leg-RaiseD;skill;1000332
34-HundredsN;Abdominals;Rectus Abdominis;Rectus Abdominis;34-Hundreds;34-Hundreds;video;34-HundredsD;skill;1000333
35-Janda-Sit-UpN;Abdominals;Rectus Abdominis;Rectus Abdominis;35-Janda-Sit-Up;35-Janda-Sit-Up;video;35-Janda-Sit-UpD;skill;1000334
36-Lying-Heel-TouchesN;Abdominals;External Oblique;Internal Oblique;36-Lying-Heel-Touches;36-Lying-Heel-Touches;video;36-Lying-Heel-TouchesD;skill;1000335
37-Oblique-CrunchesN;Abdominals;External Oblique;Internal Oblique;37-Oblique-Crunches;37-Oblique-Crunches;video;37-Oblique-CrunchesD;skill;1000336
38-Oblique-Twists-with-Weight-PlateN;Abdominals;External Oblique;Internal Oblique;38-Oblique-Twists-with-Weight-Plate;38-Oblique-Twists-with-Weight-Plate;video;38-Oblique-Twists-with-Weight-PlateD;skill;1000337
39-Reverse-CrunchN;Abdominals;Rectus Abdominis;Rectus Abdominis;39-Reverse-Crunch;39-Reverse-Crunch;video;39-Reverse-CrunchD;skill;1000338
40-Russian-TwistN;Abdominals;External Oblique;Rectus Abdominis;40-Russian-Twist;40-Russian-Twist;video;40-Russian-TwistD;skill;1000339
41-Seated-Barbell-TwistN;Abdominals;Rectus Abdominis;Rectus Abdominis;41-Seated-Barbell-Twist;41-Seated-Barbell-Twist;video;41-Seated-Barbell-TwistD;skill;1000340
42-Standing-barbell-TwistN;Abdominals;Rectus Abdominis;Rectus Abdominis;42-Standing-barbell-Twist;42-Standing-barbell-Twist;video;42-Standing-barbell-TwistD;skill;1000341
43-Flat-Bench-Leg-Pull-InN;Abdominals;Rectus Abdominis;Rectus Abdominis;43-Flat-Bench-Leg-Pull-In;43-Flat-Bench-Leg-Pull-In;video;43-Flat-Bench-Leg-Pull-InD;skill;1000342
45-Crunch-benchN;Abdominals;Rectus Abdominis;Rectus Abdominis;45-Crunch-bench;45-Crunch-bench;video;45-Crunch-benchD;skill;1000343
46-PowerrollerN;Abdominals;Rectus Abdominis;Rectus Abdominis;46-Powerroller;46-Powerroller;video;46-PowerrollerD;skill;1000344
47-Side-bend-on-a-benchN;Abdominals;External Oblique;Internal Oblique;47-Side-bend-on-a-bench;47-Side-bend-on-a-bench;video;47-Side-bend-on-a-benchD;skill;1000345
48-Crossover-crunchN;Abdominals;Rectus Abdominis;Rectus Abdominis;48-Crossover-crunch;48-Crossover-crunch;video;48-Crossover-crunchD;skill;1000346
49-Negative-crunchN;Abdominals;Rectus Abdominis;Rectus Abdominis;49-Negative-crunch;49-Negative-crunch;video;49-Negative-crunchD;skill;1000347
50-Back-Extension-MachineN;Back;Latissimus Dorsi;Latissimus Dorsi;50-Back-Extension-Machine;50-Back-Extension-Machine;video;50-Back-Extension-MachineD;skill;1000348
52-Bent-Over-Two-Dumbbell-RowN;Back;Infraspinatus;Latissimus Dorsi;52-Bent-Over-Two-Dumbbell-Row;52-Bent-Over-Two-Dumbbell-Row;video;52-Bent-Over-Two-Dumbbell-RowD;skill;1000349
53-Lat-Pulldown-behind-neckN;Back;Latissimus Dorsi;Biceps Brachii;53-Lat-Pulldown-behind-neck;53-Lat-Pulldown-behind-neck;video;53-Lat-Pulldown-behind-neckD;skill;1000350
54-Cable-DeadliftN;Back;Latissimus Dorsi;Latissimus Dorsi;54-Cable-Deadlift;54-Cable-Deadlift;video;54-Cable-DeadliftD;skill;1000351
55-Reverse-One-Arm-Cable-Tricep-ExtensionN;Arms;Triceps Brachii;Brachioradialis;55-Reverse-One-Arm-Cable-Tricep-Extension;55-Reverse-One-Arm-Cable-Tricep-Extension;video;55-Reverse-One-Arm-Cable-Tricep-ExtensionD;skill;1000352
56-Full-Range-Of-Motion-Lat-PulldownN;Back;Trapezius;Infraspinatus;56-Full-Range-Of-Motion-Lat-Pulldown;56-Full-Range-Of-Motion-Lat-Pulldown;video;56-Full-Range-Of-Motion-Lat-PulldownD;skill;1000353
57-Full-Range-of-Motion-Straight-CrossoverN;Back;Trapezius;Infraspinatus;57-Full-Range-of-Motion-Straight-Crossover;57-Full-Range-of-Motion-Straight-Crossover;video;57-Full-Range-of-Motion-Straight-CrossoverD;skill;1000354
58-Incline-Bench-Barbell-RowN;Back;Infraspinatus;Latissimus Dorsi;58-Incline-Bench-Barbell-Row;58-Incline-Bench-Barbell-Row;video;58-Incline-Bench-Barbell-RowD;skill;1000355
59-Bench-Two-Arm-Dumbbell-RowN;Back;Infraspinatus;Latissimus Dorsi;59-Bench-Two-Arm-Dumbbell-Row;59-Bench-Two-Arm-Dumbbell-Row;video;59-Bench-Two-Arm-Dumbbell-RowD;skill;1000356
60-Machine-Assisted-Chin-UpN;Back;Latissimus Dorsi;Biceps Brachii;60-Machine-Assisted-Chin-Up;60-Machine-Assisted-Chin-Up;video;60-Machine-Assisted-Chin-UpD;skill;1000357
61-Machine-Assisted-Hammer-Pull-UpN;Back;Latissimus Dorsi;Biceps Brachii;61-Machine-Assisted-Hammer-Pull-Up;61-Machine-Assisted-Hammer-Pull-Up;video;61-Machine-Assisted-Hammer-Pull-UpD;skill;1000358
62-Machine-Assisted-Pull-UpN;Back;Latissimus Dorsi;Biceps Brachii;62-Machine-Assisted-Pull-Up;62-Machine-Assisted-Pull-Up;video;62-Machine-Assisted-Pull-UpD;skill;1000359
63-Machine-Lat-Pull-DownN;Back;Latissimus Dorsi;Biceps Brachii;63-Machine-Lat-Pull-Down;63-Machine-Lat-Pull-Down;video;63-Machine-Lat-Pull-DownD;skill;1000360
64-Reverse-Grip-Machine-Lat-Pull-DownN;Back;Latissimus Dorsi;Biceps Brachii;64-Reverse-Grip-Machine-Lat-Pull-Down;64-Reverse-Grip-Machine-Lat-Pull-Down;video;64-Reverse-Grip-Machine-Lat-Pull-DownD;skill;1000361
65-Middle-Back-ShrugN;Back;Trapezius;Trapezius;65-Middle-Back-Shrug;65-Middle-Back-Shrug;video;65-Middle-Back-ShrugD;skill;1000362
66-One-Arm-Lat-PulldownN;Back;Latissimus Dorsi;Biceps Brachii;66-One-Arm-Lat-Pulldown;66-One-Arm-Lat-Pulldown;video;66-One-Arm-Lat-PulldownD;skill;1000363
67-One-Arm-Seated-Cable-RowN;Back;Infraspinatus;Biceps Brachii;67-One-Arm-Seated-Cable-Row;67-One-Arm-Seated-Cable-Row;video;67-One-Arm-Seated-Cable-RowD;skill;1000364
68-Reverse-Grip-Lat-Pull-DownN;Back;Latissimus Dorsi;Biceps Brachii;68-Reverse-Grip-Lat-Pull-Down;68-Reverse-Grip-Lat-Pull-Down;video;68-Reverse-Grip-Lat-Pull-DownD;skill;1000365
69-Reverse-Grip-Smith-Machine-Bent-Over-RowN;Back;Infraspinatus;Biceps Brachii;69-Reverse-Grip-Smith-Machine-Bent-Over-Row;69-Reverse-Grip-Smith-Machine-Bent-Over-Row;video;69-Reverse-Grip-Smith-Machine-Bent-Over-RowD;skill;1000366
71-Rope-Crossover-Seated-RowN;Back;Infraspinatus;Biceps Brachii;71-Rope-Crossover-Seated-Row;71-Rope-Crossover-Seated-Row;video;71-Rope-Crossover-Seated-RowD;skill;1000367
72-Rope-Lat-Pull-DownN;Back;Infraspinatus;Biceps Brachii;72-Rope-Lat-Pull-Down;72-Rope-Lat-Pull-Down;video;72-Rope-Lat-Pull-DownD;skill;1000368
73-Standing-Cable-RowN;Back;Infraspinatus;Biceps Brachii;73-Standing-Cable-Row;73-Standing-Cable-Row;video;73-Standing-Cable-RowD;skill;1000369
74-Standing-One-Arm-Cable-RowN;Back;Infraspinatus;Biceps Brachii;74-Standing-One-Arm-Cable-Row;74-Standing-One-Arm-Cable-Row;video;74-Standing-One-Arm-Cable-RowD;skill;1000370
75-Standing-V-Bar-RowN;Back;Infraspinatus;Biceps Brachii;75-Standing-V-Bar-Row;75-Standing-V-Bar-Row;video;75-Standing-V-Bar-RowD;skill;1000371
77-Bench-PushupsN;Chest;Pectoralis Major;Triceps Brachii;77-Bench-Pushups;77-Bench-Pushups;video;77-Bench-PushupsD;skill;1000372
78-Bent-Arm-Dumbbell-PulloverN;Chest;Pectoralis Major;Pectoralis Major;78-Bent-Arm-Dumbbell-Pullover;78-Bent-Arm-Dumbbell-Pullover;video;78-Bent-Arm-Dumbbell-PulloverD;skill;1000373
79-Cable-Cross-OverN;Chest;Pectoralis Major;Pectoralis Minor;79-Cable-Cross-Over;79-Cable-Cross-Over;video;79-Cable-Cross-OverD;skill;1000374
80-Cable-Decline-Chest-FlyN;Chest;Pectoralis Major;Triceps Brachii;80-Cable-Decline-Chest-Fly;80-Cable-Decline-Chest-Fly;video;80-Cable-Decline-Chest-FlyD;skill;1000375
81-Cable-Decline-PressN;Chest;Pectoralis Major;Triceps Brachii;81-Cable-Decline-Press;81-Cable-Decline-Press;video;81-Cable-Decline-PressD;skill;1000376
82-Cable-Incline-PressN;Chest;Pectoralis Major;Triceps Brachii;82-Cable-Incline-Press;82-Cable-Incline-Press;video;82-Cable-Incline-PressD;skill;1000377
84-Hammer-Grip-decline-Dumbbell-PressN;Chest;Pectoralis Major;Triceps Brachii;84-Hammer-Grip-decline-Dumbbell-Press;84-Hammer-Grip-decline-Dumbbell-Press;video;84-Hammer-Grip-decline-Dumbbell-PressD;skill;1000378
84-Hammer-Grip-Incline-Dumbbell-PressN;Chest;Pectoralis Major;Triceps Brachii;84-Hammer-Grip-Incline-Dumbbell-Press;84-Hammer-Grip-Incline-Dumbbell-Press;video;84-Hammer-Grip-Incline-Dumbbell-PressD;skill;1000379
85-Hammer-Grip-Dumbbell-PressN;Chest;Pectoralis Major;Triceps Brachii;85-Hammer-Grip-Dumbbell-Press;85-Hammer-Grip-Dumbbell-Press;video;85-Hammer-Grip-Dumbbell-PressD;skill;1000380
86-Dumbbell-Incline-Fly-With-A-TwistN;Chest;Pectoralis Major;Triceps Brachii;86-Dumbbell-Incline-Fly-With-A-Twist;86-Dumbbell-Incline-Fly-With-A-Twist;video;86-Dumbbell-Incline-Fly-With-A-TwistD;skill;1000381
86-Dumbbell-Fly-With-A-TwistN;Chest;Pectoralis Major;Triceps Brachii;86-Dumbbell-Fly-With-A-Twist;86-Dumbbell-Fly-With-A-Twist;video;86-Dumbbell-Fly-With-A-TwistD;skill;1000382
86-Dumbbell-Decline-Fly-With-A-TwistN;Chest;Pectoralis Major;Triceps Brachii;86-Dumbbell-Decline-Fly-With-A-Twist;86-Dumbbell-Decline-Fly-With-A-Twist;video;86-Dumbbell-Decline-Fly-With-A-TwistD;skill;1000383
87-Lying-Cable-Rope-Extension-PulloverN;Chest;Pectoralis Major;Triceps Brachii;87-Lying-Cable-Rope-Extension-Pullover;87-Lying-Cable-Rope-Extension-Pullover;video;87-Lying-Cable-Rope-Extension-PulloverD;skill;1000384
88-Reverse-Grip-Smith-Machine-Bench-PressN;Chest;Pectoralis Major;Triceps Brachii;88-Reverse-Grip-Smith-Machine-Bench-Press;88-Reverse-Grip-Smith-Machine-Bench-Press;video;88-Reverse-Grip-Smith-Machine-Bench-PressD;skill;1000385
88-Reverse-Grip-Smith-Machine-Incline-Bench-PressN;Chest;Pectoralis Major;Triceps Brachii;88-Reverse-Grip-Smith-Machine-Incline-Bench-Press;88-Reverse-Grip-Smith-Machine-Incline-Bench-Press;video;88-Reverse-Grip-Smith-Machine-Incline-Bench-PressD;skill;1000386
88-Reverse-Grip-Smith-Machine-Decline-Bench-PressN;Chest;Pectoralis Major;Triceps Brachii;88-Reverse-Grip-Smith-Machine-Decline-Bench-Press;88-Reverse-Grip-Smith-Machine-Decline-Bench-Press;video;88-Reverse-Grip-Smith-Machine-Decline-Bench-PressD;skill;1000387
89-Adductor-StretchN;Stretch;Adductor;Adductor;89-Adductor-Stretch;89-Adductor-Stretch;video;89-Adductor-StretchD;skill;1000388
90-Leg-StretchN;Stretch;Quadriceps Femoris;Quadriceps Femoris;90-Leg-Stretch;90-Leg-Stretch;video;90-Leg-StretchD;skill;1000389
91-Chest-Stretch-1N;Stretch;Pectoralis Major;Pectoralis Major;91-Chest-Stretch-1;91-Chest-Stretch-1;video;91-Chest-Stretch-1D;skill;1000390
92-Leg-Stretch-2N;Stretch;Biceps Femoris;Gluteus Maximus;92-Leg-Stretch-2;92-Leg-Stretch-2;video;92-Leg-Stretch-2D;skill;1000391
93-Lower-Back-StretchN;Stretch;Latissimus Dorsi;Latissimus Dorsi;93-Lower-Back-Stretch;93-Lower-Back-Stretch;video;93-Lower-Back-StretchD;skill;1000392
94-Calves-StretchN;Stretch;Gastrocnemius;Gastrocnemius;94-Calves-Stretch;94-Calves-Stretch;video;94-Calves-StretchD;skill;1000393
95-Abductor-StretchN;Stretch;Quadriceps Femoris;Gluteus Maximus;95-Abductor-Stretch;95-Abductor-Stretch;video;95-Abductor-StretchD;skill;1000394
96-Hip-StretchN;Stretch;Gluteus Maximus;Biceps Femoris;96-Hip-Stretch;96-Hip-Stretch;video;96-Hip-StretchD;skill;1000395
97-Adductor-Stretch-2N;Stretch;Quadriceps Femoris;Gluteus Maximus;97-Adductor-Stretch-2;97-Adductor-Stretch-2;video;97-Adductor-Stretch-2D;skill;1000396
98-Lower-Arm-StretchN;Stretch;Flexor Carpi Ulnaris;Brachioradialis;98-Lower-Arm-Stretch;98-Lower-Arm-Stretch;video;98-Lower-Arm-StretchD;skill;1000397
99-Chest-Stretch-2N;Stretch;Pectoralis Major;Pectoralis Major;99-Chest-Stretch-2;99-Chest-Stretch-2;video;99-Chest-Stretch-2D;skill;1000398
100-Calves-Stretch-2N;Stretch;Gastrocnemius;Gastrocnemius;100-Calves-Stretch-2;100-Calves-Stretch-2;video;100-Calves-Stretch-2D;skill;1000399
101-Calves-Stretch-3N;Stretch;Gastrocnemius;Gastrocnemius;101-Calves-Stretch-3;101-Calves-Stretch-3;video;101-Calves-Stretch-3D;skill;1000400
102-Barbell-Behind-The-Back-Wrist-CurlN;Arms;Brachioradialis;Flexor Carpi Ulnaris;102-Barbell-Behind-The-Back-Wrist-Curl;102-Barbell-Behind-The-Back-Wrist-Curl;video;102-Barbell-Behind-The-Back-Wrist-CurlD;skill;1000401
103-Cable-Wrist-CurlN;Arms;Brachioradialis;Flexor Carpi Ulnaris;103-Cable-Wrist-Curl;103-Cable-Wrist-Curl;video;103-Cable-Wrist-CurlD;skill;1000402
104-Dumbbell-Lying-PronationN;Arms;Flexor Carpi Ulnaris;Brachioradialis;104-Dumbbell-Lying-Pronation;104-Dumbbell-Lying-Pronation;video;104-Dumbbell-Lying-PronationD;skill;1000403
105-Dumbbell-Lying-SupinationN;Arms;Brachioradialis;Flexor Carpi Ulnaris;105-Dumbbell-Lying-Supination;105-Dumbbell-Lying-Supination;video;105-Dumbbell-Lying-SupinationD;skill;1000404
106-Dumbbell-Reverse-Preacher-CurlN;Arms;Flexor Carpi Ulnaris;Biceps Brachii;106-Dumbbell-Reverse-Preacher-Curl;106-Dumbbell-Reverse-Preacher-Curl;video;106-Dumbbell-Reverse-Preacher-CurlD;skill;1000405
107-EZ-Bar-Reverse-Grip-Preacher-CurlN;Arms;Flexor Carpi Ulnaris;Biceps Brachii;107-EZ-Bar-Reverse-Grip-Preacher-Curl;107-EZ-Bar-Reverse-Grip-Preacher-Curl;video;107-EZ-Bar-Reverse-Grip-Preacher-CurlD;skill;1000406
108-EZ-Bar-Reverse-Grip-Barbell-CurlN;Arms;Flexor Carpi Ulnaris;Biceps Brachii;108-EZ-Bar-Reverse-Grip-Barbell-Curl;108-EZ-Bar-Reverse-Grip-Barbell-Curl;video;108-EZ-Bar-Reverse-Grip-Barbell-CurlD;skill;1000407
109-One-Arm-Dumbbell-Wrist-Curl-Over-BenchN;Arms;Flexor Carpi Ulnaris;Biceps Brachii;109-One-Arm-Dumbbell-Wrist-Curl-Over-Bench;109-One-Arm-Dumbbell-Wrist-Curl-Over-Bench;video;109-One-Arm-Dumbbell-Wrist-Curl-Over-BenchD;skill;1000408
110-Neutral-Dumbbell-Wrist-Curl-Over-BenchN;Arms;Biceps Brachii;Flexor Carpi Ulnaris;110-Neutral-Dumbbell-Wrist-Curl-Over-Bench;110-Neutral-Dumbbell-Wrist-Curl-Over-Bench;video;110-Neutral-Dumbbell-Wrist-Curl-Over-BenchD;skill;1000409
111-One-Arm-Neutral-Dumbbell-Wrist-Curl-Over-BenchN;Arms;Biceps Brachii;Flexor Carpi Ulnaris;111-One-Arm-Neutral-Dumbbell-Wrist-Curl-Over-Bench;111-One-Arm-Neutral-Dumbbell-Wrist-Curl-Over-Bench;video;111-One-Arm-Neutral-Dumbbell-Wrist-Curl-Over-BenchD;skill;1000410
112-One-Arm-Reverse-Dumbbell-Wrist-Curl-Over-BenchN;Arms;Flexor Carpi Ulnaris;Brachioradialis;112-One-Arm-Reverse-Dumbbell-Wrist-Curl-Over-Bench;112-One-Arm-Reverse-Dumbbell-Wrist-Curl-Over-Bench;video;112-One-Arm-Reverse-Dumbbell-Wrist-Curl-Over-BenchD;skill;1000411
113-One-Arm-Seated-Dumbbell-Wrist-CurlN;Arms;Brachioradialis;Flexor Carpi Ulnaris;113-One-Arm-Seated-Dumbbell-Wrist-Curl;113-One-Arm-Seated-Dumbbell-Wrist-Curl;video;113-One-Arm-Seated-Dumbbell-Wrist-CurlD;skill;1000412
114-One-Arm-Seated-Neutral-Dumbbell-Wrist-CurlN;Arms;Brachioradialis;Biceps Brachii;114-One-Arm-Seated-Neutral-Dumbbell-Wrist-Curl;114-One-Arm-Seated-Neutral-Dumbbell-Wrist-Curl;video;114-One-Arm-Seated-Neutral-Dumbbell-Wrist-CurlD;skill;1000413
115-One-Arm-Seated-Reverse-Dumbbell-Wrist-CurlN;Arms;Flexor Carpi Ulnaris;Biceps Brachii;115-One-Arm-Seated-Reverse-Dumbbell-Wrist-Curl;115-One-Arm-Seated-Reverse-Dumbbell-Wrist-Curl;video;115-One-Arm-Seated-Reverse-Dumbbell-Wrist-CurlD;skill;1000414
116-Palms-Up-Dumbbell-Wrist-Curl-Over-A-BenchN;Arms;Brachioradialis;Flexor Carpi Ulnaris;116-Palms-Up-Dumbbell-Wrist-Curl-Over-A-Bench;116-Palms-Up-Dumbbell-Wrist-Curl-Over-A-Bench;video;116-Palms-Up-Dumbbell-Wrist-Curl-Over-A-BenchD;skill;1000415
117-Palms-Up-Barbell-Wrist-Curl-Over-A-BenchN;Arms;Brachioradialis;Flexor Carpi Ulnaris;117-Palms-Up-Barbell-Wrist-Curl-Over-A-Bench;117-Palms-Up-Barbell-Wrist-Curl-Over-A-Bench;video;117-Palms-Up-Barbell-Wrist-Curl-Over-A-BenchD;skill;1000416
118-Standing-One-Arm-Dumbbell-Reverse-CurlN;Arms;Flexor Carpi Ulnaris;Biceps Brachii;118-Standing-One-Arm-Dumbbell-Reverse-Curl;118-Standing-One-Arm-Dumbbell-Reverse-Curl;video;118-Standing-One-Arm-Dumbbell-Reverse-CurlD;skill;1000417
119-Standing-Behind-the-Back-Smith-Machine-Wrist-CurlN;Arms;Brachioradialis;Flexor Carpi Ulnaris;119-Standing-Behind-the-Back-Smith-Machine-Wrist-Curl;119-Standing-Behind-the-Back-Smith-Machine-Wrist-Curl;video;119-Standing-Behind-the-Back-Smith-Machine-Wrist-CurlD;skill;1000418
120-Standing-Behind-the-Back-Cable-Wrist-CurlN;Arms;Brachioradialis;Flexor Carpi Ulnaris;120-Standing-Behind-the-Back-Cable-Wrist-Curl;120-Standing-Behind-the-Back-Cable-Wrist-Curl;video;120-Standing-Behind-the-Back-Cable-Wrist-CurlD;skill;1000419
121-Seated-Reverse-Dumbbell-Wrist-CurlN;Arms;Brachioradialis;Flexor Carpi Ulnaris;121-Seated-Reverse-Dumbbell-Wrist-Curl;121-Seated-Reverse-Dumbbell-Wrist-Curl;video;121-Seated-Reverse-Dumbbell-Wrist-CurlD;skill;1000420
123-Seated-Palms-Up-Dumbbell-Wrist-CurlN;Arms;Flexor Carpi Ulnaris;Brachioradialis;123-Seated-Palms-Up-Dumbbell-Wrist-Curl;123-Seated-Palms-Up-Dumbbell-Wrist-Curl;video;123-Seated-Palms-Up-Dumbbell-Wrist-CurlD;skill;1000421
124-Seated-Palms-Down-Barbell-Wrist-CurlN;Arms;Brachioradialis;Flexor Carpi Ulnaris;124-Seated-Palms-Down-Barbell-Wrist-Curl;124-Seated-Palms-Down-Barbell-Wrist-Curl;video;124-Seated-Palms-Down-Barbell-Wrist-CurlD;skill;1000422
125-Seated-Palm-Up-Barbell-Wrist-CurlN;Arms;Flexor Carpi Ulnaris;Brachioradialis;125-Seated-Palm-Up-Barbell-Wrist-Curl;125-Seated-Palm-Up-Barbell-Wrist-Curl;video;125-Seated-Palm-Up-Barbell-Wrist-CurlD;skill;1000423
126-Seated-Neutral-Dumbbell-Wrist-CurlN;Arms;Brachioradialis;Biceps Brachii;126-Seated-Neutral-Dumbbell-Wrist-Curl;126-Seated-Neutral-Dumbbell-Wrist-Curl;video;126-Seated-Neutral-Dumbbell-Wrist-CurlD;skill;1000424
127-Reverse-Grip-Seated-Cable-Wrist-CurlN;Arms;Flexor Carpi Ulnaris;Brachioradialis;127-Reverse-Grip-Seated-Cable-Wrist-Curl;127-Reverse-Grip-Seated-Cable-Wrist-Curl;video;127-Reverse-Grip-Seated-Cable-Wrist-CurlD;skill;1000425
128-Reverse-Grip-Cable-CurlN;Arms;Biceps Brachii;Flexor Carpi Ulnaris;128-Reverse-Grip-Cable-Curl;128-Reverse-Grip-Cable-Curl;video;128-Reverse-Grip-Cable-CurlD;skill;1000426
129-Reverse-Concentration-CurlN;Arms;Brachioradialis;Biceps Brachii;129-Reverse-Concentration-Curl;129-Reverse-Concentration-Curl;video;129-Reverse-Concentration-CurlD;skill;1000427
130-Reverse-Cable-Preacher-CurlN;Arms;Brachioradialis;Biceps Brachii;130-Reverse-Cable-Preacher-Curl;130-Reverse-Cable-Preacher-Curl;video;130-Reverse-Cable-Preacher-CurlD;skill;1000428
131-Reverse-Barbell-Preacher-CurlsN;Arms;Brachioradialis;Biceps Brachii;131-Reverse-Barbell-Preacher-Curls;131-Reverse-Barbell-Preacher-Curls;video;131-Reverse-Barbell-Preacher-CurlsD;skill;1000429
132-Alternated-Seated-Dumbbell-Front-RaiseN;Shoulders;Deltoid;Deltoid;132-Alternated-Seated-Dumbbell-Front-Raise;132-Alternated-Seated-Dumbbell-Front-Raise;video;132-Alternated-Seated-Dumbbell-Front-RaiseD;skill;1000430
134-Dublin-PressN;Shoulders;Deltoid;Deltoid;134-Dublin-Press;134-Dublin-Press;video;134-Dublin-PressD;skill;1000431
136-Smith-Machine-Shoulder-Press-Behind-the-NeckN;Shoulders;Deltoid;Trapezius;136-Smith-Machine-Shoulder-Press-Behind-the-Neck;136-Smith-Machine-Shoulder-Press-Behind-the-Neck;video;136-Smith-Machine-Shoulder-Press-Behind-the-NeckD;skill;1000432
137-Smith-Machine-Shoulder-PressN;Shoulders;Deltoid;Trapezius;137-Smith-Machine-Shoulder-Press;137-Smith-Machine-Shoulder-Press;video;137-Smith-Machine-Shoulder-PressD;skill;1000433
139-Machine-Pull-overN;Chest;Pectoralis Major;Pectoralis Minor;139-Machine-Pull-over;139-Machine-Pull-over;video;139-Machine-Pull-overD;skill;1000434
141-Machine-reverse-butterflyN;Shoulders;Trapezius;Deltoid;141-Machine-reverse-butterfly;141-Machine-reverse-butterfly;video;141-Machine-reverse-butterflyD;skill;1000435
142-Dead-LiftN;Legs;Gluteus Maximus;Latissimus Dorsi;142-Dead-Lift;142-Dead-Lift;video;142-Dead-LiftD;skill;1000436